District Name;Stadt or Landkreis;cases per 100k;IR 7 per 100k;Population;cases;Last Update Date;AGS-Number
Flensburg;Kreisfreie Stadt;2516.52544252695;3.32727030743978;90164.0;2269.0;22.06.2021, 00:00 Uhr;01001
Kiel;Kreisfreie Stadt;2202.24154558052;5.26755107498562;246794.0;5435.0;22.06.2021, 00:00 Uhr;01002
Lübeck;Kreisfreie Stadt;2653.67385581675;3.23280838682861;216530.0;5746.0;22.06.2021, 00:00 Uhr;01003
Neumünster;Kreisfreie Stadt;2278.16848720634;6.23472492393636;80196.0;1827.0;22.06.2021, 00:00 Uhr;01004
Dithmarschen;Kreis;1484.31223863116;0.750790206692544;133193.0;1977.0;22.06.2021, 00:00 Uhr;01051
Herzogtum Lauenburg;Kreis;2626.01063534307;7.57503067887425;198019.0;5200.0;22.06.2021, 00:00 Uhr;01053
Nordfriesland;Kreis;1664.3467047502;3.01293755385626;165951.0;2762.0;22.06.2021, 00:00 Uhr;01054
Ostholstein;Kreis;1674.48725684281;1.99462448700751;200539.0;3358.0;22.06.2021, 00:00 Uhr;01055
Pinneberg;Kreis;3338.15243765482;13.919513576271;316103.0;10552.0;22.06.2021, 00:00 Uhr;01056
Plön;Kreis;1058.39019007507;3.88542654212579;128686.0;1362.0;22.06.2021, 00:00 Uhr;01057
Rendsburg-Eckernförde;Kreis;1495.45053229137;1.82416507964305;274098.0;4099.0;22.06.2021, 00:00 Uhr;01058
Schleswig-Flensburg;Kreis;1434.70739127841;0.994253216409155;201156.0;2886.0;22.06.2021, 00:00 Uhr;01059
Segeberg;Kreis;2480.02164697393;4.32939478668711;277175.0;6874.0;22.06.2021, 00:00 Uhr;01060
Steinburg;Kreis;1799.0581087373;0.76328303298146;131013.0;2357.0;22.06.2021, 00:00 Uhr;01061
Stormarn;Kreis;2898.14708628909;6.14361309982143;244156.0;7076.0;22.06.2021, 00:00 Uhr;01062
Hamburg;Kreisfreie Stadt;4175.65974990973;10.6103495298154;1847253.0;77135.0;22.06.2021, 00:00 Uhr;02000
Braunschweig;Kreisfreie Stadt;2608.19707625318;5.61333728939961;249406.0;6505.0;22.06.2021, 00:00 Uhr;03101
Salzgitter;Kreisfreie Stadt;5133.71240087831;3.83542204025275;104291.0;5354.0;22.06.2021, 00:00 Uhr;03102
Wolfsburg;Kreisfreie Stadt;3223.42025070153;0.804045959267032;124371.0;4009.0;22.06.2021, 00:00 Uhr;03103
Gifhorn;Landkreis;3457.33983673516;0.566498416636925;176523.0;6103.0;22.06.2021, 00:00 Uhr;03151
Goslar;Landkreis;1912.07114137293;0.0;136292.0;2606.0;22.06.2021, 00:00 Uhr;03153
Helmstedt;Landkreis;2650.68950786992;1.09532624292145;91297.0;2420.0;22.06.2021, 00:00 Uhr;03154
Northeim;Landkreis;1981.32819291681;3.02377442642779;132285.0;2621.0;22.06.2021, 00:00 Uhr;03155
Peine;Landkreis;4014.80701181742;2.96733703755907;134801.0;5412.0;22.06.2021, 00:00 Uhr;03157
Wolfenbüttel;Landkreis;2436.84272123857;4.17983314106101;119622.0;2915.0;22.06.2021, 00:00 Uhr;03158
Göttingen;Landkreis;2476.3756705445;3.06709892314157;326041.0;8074.0;22.06.2021, 00:00 Uhr;03159
Region Hannover;Landkreis;4183.68096515904;6.74090302173941;1157115.0;48410.0;22.06.2021, 00:00 Uhr;03241
Diepholz;Landkreis;3264.09905614748;8.29153020189876;217089.0;7086.0;22.06.2021, 00:00 Uhr;03251
Hameln-Pyrmont;Landkreis;2857.64293263502;5.38542837716848;148549.0;4245.0;22.06.2021, 00:00 Uhr;03252
Hildesheim;Landkreis;3202.12314686912;6.52606619606478;275817.0;8832.0;22.06.2021, 00:00 Uhr;03254
Holzminden;Landkreis;2346.07851485992;19.8699934712879;70458.0;1653.0;22.06.2021, 00:00 Uhr;03255
Nienburg (Weser);Landkreis;3063.67905099267;0.823791086580443;121390.0;3719.0;22.06.2021, 00:00 Uhr;03256
Schaumburg;Landkreis;3069.95311113927;1.90089975921936;157820.0;4845.0;22.06.2021, 00:00 Uhr;03257
Celle;Landkreis;2587.55048572434;3.35174933383982;179011.0;4632.0;22.06.2021, 00:00 Uhr;03351
Cuxhaven;Landkreis;2317.7369999697;0.504953594764641;198038.0;4590.0;22.06.2021, 00:00 Uhr;03352
Harburg;Landkreis;2582.23251097547;4.3233725450122;254431.0;6570.0;22.06.2021, 00:00 Uhr;03353
Lüchow-Dannenberg;Landkreis;1840.4527803024;0.0;48412.0;891.0;22.06.2021, 00:00 Uhr;03354
Lüneburg;Landkreis;1873.58462900309;6.51681610088031;184139.0;3450.0;22.06.2021, 00:00 Uhr;03355
Osterholz;Landkreis;2394.4947686258;1.75549469840601;113928.0;2728.0;22.06.2021, 00:00 Uhr;03356
Rotenburg (Wümme);Landkreis;2448.98706817599;3.05283852926451;163782.0;4011.0;22.06.2021, 00:00 Uhr;03357
Heidekreis;Landkreis;2408.42236960895;2.84347387202946;140673.0;3388.0;22.06.2021, 00:00 Uhr;03358
Stade;Landkreis;2526.50211234549;8.80143952433109;204512.0;5167.0;22.06.2021, 00:00 Uhr;03359
Uelzen;Landkreis;2363.91778241999;2.16475987401098;92389.0;2184.0;22.06.2021, 00:00 Uhr;03360
Verden;Landkreis;2881.87380134614;5.10453355501593;137133.0;3952.0;22.06.2021, 00:00 Uhr;03361
Delmenhorst;Kreisfreie Stadt;4569.42456710375;9.0253871246406;77559.0;3544.0;22.06.2021, 00:00 Uhr;03401
Emden;Kreisfreie Stadt;2652.61555105884;8.01394426301765;49913.0;1324.0;22.06.2021, 00:00 Uhr;03402
Oldenburg (Oldb);Kreisfreie Stadt;2539.67127403491;3.54867900424067;169077.0;4294.0;22.06.2021, 00:00 Uhr;03403
Osnabrück;Kreisfreie Stadt;4550.65324869441;1.81542017900043;165251.0;7520.0;22.06.2021, 00:00 Uhr;03404
Wilhelmshaven;Kreisfreie Stadt;2543.07455742617;0.0;76089.0;1935.0;22.06.2021, 00:00 Uhr;03405
Ammerland;Landkreis;2526.04938370482;6.40722735245357;124859.0;3154.0;22.06.2021, 00:00 Uhr;03451
Aurich;Landkreis;1960.52589960674;7.38030723164676;189694.0;3719.0;22.06.2021, 00:00 Uhr;03452
Cloppenburg;Landkreis;6353.92132738074;8.20238806669713;170682.0;10845.0;22.06.2021, 00:00 Uhr;03453
Emsland;Landkreis;3867.2106779547;2.75268080525089;326954.0;12644.0;22.06.2021, 00:00 Uhr;03454
Friesland;Landkreis;1648.36278165019;1.01313016696385;98704.0;1627.0;22.06.2021, 00:00 Uhr;03455
Grafschaft Bentheim;Landkreis;3906.32974147359;5.83251921086015;137162.0;5358.0;22.06.2021, 00:00 Uhr;03456
Leer;Landkreis;2603.7152428026;2.34252383518002;170756.0;4446.0;22.06.2021, 00:00 Uhr;03457
Oldenburg;Landkreis;3873.48154939262;6.11200244480098;130890.0;5070.0;22.06.2021, 00:00 Uhr;03458
Osnabrück;Landkreis;4343.44280607685;1.39633601429848;358080.0;15553.0;22.06.2021, 00:00 Uhr;03459
Vechta;Landkreis;6154.15855588388;8.40253756634504;142814.0;8789.0;22.06.2021, 00:00 Uhr;03460
Wesermarsch;Landkreis;3664.35997877697;1.12888477473104;88583.0;3246.0;22.06.2021, 00:00 Uhr;03461
Wittmund;Landkreis;2176.50985489934;3.51333309911113;56926.0;1239.0;22.06.2021, 00:00 Uhr;03462
Bremen;Kreisfreie Stadt;4027.7750859382;7.22391857058033;567559.0;22860.0;22.06.2021, 00:00 Uhr;04011
Bremerhaven;Kreisfreie Stadt;3987.92710505706;3.51979444400447;113643.0;4532.0;22.06.2021, 00:00 Uhr;04012
Düsseldorf;Kreisfreie Stadt;4045.01211654395;8.84419266189295;621877.0;25155.0;22.06.2021, 00:00 Uhr;05111
Duisburg;Kreisfreie Stadt;5782.99771800291;11.2295111553162;498686.0;28839.0;22.06.2021, 00:00 Uhr;05112
Essen;Kreisfreie Stadt;4459.29713775825;10.1242363923399;582760.0;25987.0;22.06.2021, 00:00 Uhr;05113
Krefeld;Kreisfreie Stadt;5113.07422048484;7.91497557350594;227417.0;11628.0;22.06.2021, 00:00 Uhr;05114
Mönchengladbach;Kreisfreie Stadt;4206.34859826689;9.96038830190703;261034.0;10980.0;22.06.2021, 00:00 Uhr;05116
Mülheim an der Ruhr;Kreisfreie Stadt;4950.4196164846;7.61873505555816;170632.0;8447.0;22.06.2021, 00:00 Uhr;05117
Oberhausen;Kreisfreie Stadt;5220.53102047788;12.8105369038356;210764.0;11003.0;22.06.2021, 00:00 Uhr;05119
Remscheid;Kreisfreie Stadt;5631.50047602795;8.98165945140024;111338.0;6270.0;22.06.2021, 00:00 Uhr;05120
Solingen;Kreisfreie Stadt;5835.66203020503;12.559264027128;159245.0;9293.0;22.06.2021, 00:00 Uhr;05122
Wuppertal;Kreisfreie Stadt;5671.92340185863;14.6437623204731;355100.0;20141.0;22.06.2021, 00:00 Uhr;05124
Kleve;Kreis;3638.8075464452;6.40071688029059;312465.0;11370.0;22.06.2021, 00:00 Uhr;05154
Mettmann;Kreis;4984.24531993327;10.9150071050518;485570.0;24202.0;22.06.2021, 00:00 Uhr;05158
Rhein-Kreis Neuss;Kreis;4024.97066831957;6.41976401832953;451730.0;18182.0;22.06.2021, 00:00 Uhr;05162
Viersen;Kreis;3887.0653108615;5.01902209373526;298863.0;11617.0;22.06.2021, 00:00 Uhr;05166
Wesel;Kreis;3848.67906151625;4.78285823608188;459976.0;17703.0;22.06.2021, 00:00 Uhr;05170
Bonn;Kreisfreie Stadt;4406.18430990709;7.88660278518411;329673.0;14526.0;22.06.2021, 00:00 Uhr;05314
Köln;Kreisfreie Stadt;4910.08518535882;9.83579733845163;1087863.0;53415.0;22.06.2021, 00:00 Uhr;05315
Leverkusen;Kreisfreie Stadt;4862.913717179;6.71841885066176;163729.0;7962.0;22.06.2021, 00:00 Uhr;05316
Städteregion Aachen;Kreis;4775.18105079476;11.3100645212252;557026.0;26599.0;22.06.2021, 00:00 Uhr;05334
Düren;Kreis;5154.9664069408;4.15662149804639;264638.0;13642.0;22.06.2021, 00:00 Uhr;05358
Rhein-Erft-Kreis;Kreis;4268.24474358021;6.16214952774561;470615.0;20087.0;22.06.2021, 00:00 Uhr;05362
Euskirchen;Kreis;4118.1269880613;7.74569339447267;193656.0;7975.0;22.06.2021, 00:00 Uhr;05366
Heinsberg;Kreis;4517.2272113635;3.1304415879165;255555.0;11544.0;22.06.2021, 00:00 Uhr;05370
Oberbergischer Kreis;Kreis;5308.81396178007;11.0271009384063;272057.0;14443.0;22.06.2021, 00:00 Uhr;05374
Rheinisch-Bergischer Kreis;Kreis;3977.4632772151;7.413395652926;283271.0;11267.0;22.06.2021, 00:00 Uhr;05378
Rhein-Sieg-Kreis;Kreis;3885.05303247199;6.15882443022551;600764.0;23340.0;22.06.2021, 00:00 Uhr;05382
Bottrop;Kreisfreie Stadt;4569.38714753541;5.10355973291371;117565.0;5372.0;22.06.2021, 00:00 Uhr;05512
Gelsenkirchen;Kreisfreie Stadt;5965.06768857478;7.70282501107281;259645.0;15488.0;22.06.2021, 00:00 Uhr;05513
Münster;Kreisfreie Stadt;2595.36367759513;2.53732242707577;315293.0;8183.0;22.06.2021, 00:00 Uhr;05515
Borken;Kreis;3739.44024193527;7.27098419503473;371339.0;13886.0;22.06.2021, 00:00 Uhr;05554
Coesfeld;Kreis;2541.41241964585;9.5200964703109;220586.0;5606.0;22.06.2021, 00:00 Uhr;05558
Recklinghausen;Kreis;5154.71303634205;6.1875444729759;614137.0;31657.0;22.06.2021, 00:00 Uhr;05562
Steinfurt;Kreis;3796.79621614386;3.12346615501316;448220.0;17018.0;22.06.2021, 00:00 Uhr;05566
Warendorf;Kreis;4212.49640080622;6.47854880506767;277840.0;11704.0;22.06.2021, 00:00 Uhr;05570
Bielefeld;Kreisfreie Stadt;4731.66863657446;3.88994449348434;334195.0;15813.0;22.06.2021, 00:00 Uhr;05711
Gütersloh;Kreis;5486.1373712795;6.85047871145236;364938.0;20021.0;22.06.2021, 00:00 Uhr;05754
Herford;Kreis;4446.51964657711;1.99538666602814;250578.0;11142.0;22.06.2021, 00:00 Uhr;05758
Höxter;Kreis;3627.7816200954;2.13902218166002;140251.0;5088.0;22.06.2021, 00:00 Uhr;05762
Lippe;Kreis;4927.28350512497;5.17964743866434;347514.0;17123.0;22.06.2021, 00:00 Uhr;05766
Minden-Lübbecke;Kreis;4809.78322149165;1.28862243040634;310409.0;14930.0;22.06.2021, 00:00 Uhr;05770
Paderborn;Kreis;3398.85459607132;9.42050877244274;307839.0;10463.0;22.06.2021, 00:00 Uhr;05774
Bochum;Kreisfreie Stadt;4400.86764573139;5.19712134184202;365587.0;16089.0;22.06.2021, 00:00 Uhr;05911
Dortmund;Kreisfreie Stadt;4795.75010624734;15.9796005099873;588250.0;28211.0;22.06.2021, 00:00 Uhr;05913
Hagen;Kreisfreie Stadt;6616.81311809037;27.5590133873207;188686.0;12485.0;22.06.2021, 00:00 Uhr;05914
Hamm;Kreisfreie Stadt;5729.34035883412;3.33488961515374;179916.0;10308.0;22.06.2021, 00:00 Uhr;05915
Herne;Kreisfreie Stadt;6080.57577868826;8.30941712634788;156449.0;9513.0;22.06.2021, 00:00 Uhr;05916
Ennepe-Ruhr-Kreis;Kreis;4148.6427279964;7.40498478892708;324106.0;13446.0;22.06.2021, 00:00 Uhr;05954
Hochsauerlandkreis;Kreis;3757.06856265181;6.15912879123248;259777.0;9760.0;22.06.2021, 00:00 Uhr;05958
Märkischer Kreis;Kreis;5087.24544271151;10.4821291885857;410222.0;20869.0;22.06.2021, 00:00 Uhr;05962
Olpe;Kreis;4357.43346646262;11.9443096562278;133955.0;5837.0;22.06.2021, 00:00 Uhr;05966
Siegen-Wittgenstein;Kreis;4217.45912531053;16.9709399734242;276944.0;11680.0;22.06.2021, 00:00 Uhr;05970
Soest;Kreis;2884.83523037924;11.2662988551452;301785.0;8706.0;22.06.2021, 00:00 Uhr;05974
Unna;Kreis;4798.28610933144;4.81145430004735;394891.0;18948.0;22.06.2021, 00:00 Uhr;05978
Darmstadt;Kreisfreie Stadt;3630.89355633671;14.3859693015925;159878.0;5805.0;22.06.2021, 00:00 Uhr;06411
Frankfurt am Main;Kreisfreie Stadt;5139.11813251592;18.4704865204747;763380.0;39231.0;22.06.2021, 00:00 Uhr;06412
Offenbach am Main;Kreisfreie Stadt;7117.74639238563;3.07031010132023;130280.0;9273.0;22.06.2021, 00:00 Uhr;06413
Wiesbaden;Kreisfreie Stadt;4683.38157242687;13.2866982195824;278474.0;13042.0;22.06.2021, 00:00 Uhr;06414
Bergstraße;Landkreis;4097.0629577569;3.32914108160095;270340.0;11076.0;22.06.2021, 00:00 Uhr;06431
Darmstadt-Dieburg;Landkreis;3695.22300264568;5.03619344354763;297844.0;11006.0;22.06.2021, 00:00 Uhr;06432
Groß-Gerau;Landkreis;5179.77992644872;30.1023479831427;275726.0;14282.0;22.06.2021, 00:00 Uhr;06433
Hochtaunuskreis;Landkreis;3497.89375047486;2.1104704660763;236914.0;8287.0;22.06.2021, 00:00 Uhr;06434
Main-Kinzig-Kreis;Landkreis;5348.2090205254;6.65791626243604;420552.0;22492.0;22.06.2021, 00:00 Uhr;06435
Main-Taunus-Kreis;Landkreis;3796.14181876106;19.7017077607961;238558.0;9056.0;22.06.2021, 00:00 Uhr;06436
Odenwaldkreis;Landkreis;4589.30953538153;6.20456449127742;96703.0;4438.0;22.06.2021, 00:00 Uhr;06437
Offenbach;Landkreis;5154.11185088797;7.02616261912859;355813.0;18339.0;22.06.2021, 00:00 Uhr;06438
Rheingau-Taunus-Kreis;Landkreis;3887.58281684121;6.41162641590083;187160.0;7276.0;22.06.2021, 00:00 Uhr;06439
Wetteraukreis;Landkreis;4269.00262373556;6.48636727757436;308339.0;13163.0;22.06.2021, 00:00 Uhr;06440
Gießen;Landkreis;5156.49012885684;10.7134413051188;270688.0;13958.0;22.06.2021, 00:00 Uhr;06531
Lahn-Dill-Kreis;Landkreis;4871.3282462034;3.94759177163971;253319.0;12340.0;22.06.2021, 00:00 Uhr;06532
Limburg-Weilburg;Landkreis;5352.73861045186;2.90846479594211;171912.0;9202.0;22.06.2021, 00:00 Uhr;06533
Marburg-Biedenkopf;Landkreis;4489.56630133882;6.07080992698839;247084.0;11093.0;22.06.2021, 00:00 Uhr;06534
Vogelsbergkreis;Landkreis;3835.55938396297;0.0;105643.0;4052.0;22.06.2021, 00:00 Uhr;06535
Kassel;Kreisfreie Stadt;4186.76442214933;5.93656777334184;202137.0;8463.0;22.06.2021, 00:00 Uhr;06611
Fulda;Landkreis;5954.8723923906;6.72208653566067;223145.0;13288.0;22.06.2021, 00:00 Uhr;06631
Hersfeld-Rotenburg;Landkreis;5077.90820003479;4.14185008159445;120719.0;6130.0;22.06.2021, 00:00 Uhr;06632
Kassel;Landkreis;3478.99173860891;5.91306110726293;236764.0;8237.0;22.06.2021, 00:00 Uhr;06633
Schwalm-Eder-Kreis;Landkreis;3727.88343268048;1.6696999549181;179673.0;6698.0;22.06.2021, 00:00 Uhr;06634
Waldeck-Frankenberg;Landkreis;4061.22527268775;8.31170159712543;156406.0;6352.0;22.06.2021, 00:00 Uhr;06635
Werra-Meißner-Kreis;Landkreis;3647.05999264626;1.98749863359469;100629.0;3670.0;22.06.2021, 00:00 Uhr;06636
Koblenz;Kreisfreie Stadt;3940.30792971627;4.3839652088521;114052.0;4494.0;22.06.2021, 00:00 Uhr;07111
Ahrweiler;Landkreis;3432.34475654567;7.68722229909445;130086.0;4465.0;22.06.2021, 00:00 Uhr;07131
Altenkirchen (Westerwald);Landkreis;3823.60933193587;10.0927759015566;128805.0;4925.0;22.06.2021, 00:00 Uhr;07132
Bad Kreuznach;Landkreis;3820.13956866336;11.3675834412201;158345.0;6049.0;22.06.2021, 00:00 Uhr;07133
Birkenfeld;Landkreis;4155.60030141691;14.8237822880508;80951.0;3364.0;22.06.2021, 00:00 Uhr;07134
Cochem-Zell;Landkreis;3188.59470468432;1.62932790224033;61375.0;1957.0;22.06.2021, 00:00 Uhr;07135
Mayen-Koblenz;Landkreis;3396.38303627223;7.46150330637865;214434.0;7283.0;22.06.2021, 00:00 Uhr;07137
Neuwied;Landkreis;4472.92558981681;13.6753258830158;182811.0;8177.0;22.06.2021, 00:00 Uhr;07138
Rhein-Hunsrück-Kreis;Landkreis;3632.11616567956;13.5707569574363;103163.0;3747.0;22.06.2021, 00:00 Uhr;07140
Rhein-Lahn-Kreis;Landkreis;3296.07431089888;8.99449700319713;122297.0;4031.0;22.06.2021, 00:00 Uhr;07141
Westerwaldkreis;Landkreis;3663.62231555591;6.93398843014502;201904.0;7397.0;22.06.2021, 00:00 Uhr;07143
Trier;Kreisfreie Stadt;2468.43841905172;5.37981493436626;111528.0;2753.0;22.06.2021, 00:00 Uhr;07211
Bernkastel-Wittlich;Landkreis;2687.51722482508;1.77804646035401;112483.0;3023.0;22.06.2021, 00:00 Uhr;07231
Eifelkreis Bitburg-Prüm;Landkreis;3394.98071836702;9.08558622221325;99058.0;3363.0;22.06.2021, 00:00 Uhr;07232
Vulkaneifel;Landkreis;3424.79306137256;4.94674009827524;60646.0;2077.0;22.06.2021, 00:00 Uhr;07233
Trier-Saarburg;Landkreis;2970.58862903118;0.0;149398.0;4438.0;22.06.2021, 00:00 Uhr;07235
Frankenthal (Pfalz);Kreisfreie Stadt;4403.01874410402;8.20310897830278;48762.0;2147.0;22.06.2021, 00:00 Uhr;07311
Kaiserslautern;Kreisfreie Stadt;3682.89513146056;9.99700089973008;100030.0;3684.0;22.06.2021, 00:00 Uhr;07312
Landau in der Pfalz;Kreisfreie Stadt;3536.61398007722;4.26612060322945;46881.0;1658.0;22.06.2021, 00:00 Uhr;07313
Ludwigshafen am Rhein;Kreisfreie Stadt;6130.51732045305;13.9329939101206;172253.0;10560.0;22.06.2021, 00:00 Uhr;07314
Mainz;Kreisfreie Stadt;4640.44871853526;17.385098225805;218578.0;10143.0;22.06.2021, 00:00 Uhr;07315
Neustadt an der Weinstraße;Kreisfreie Stadt;3174.75217783118;1.87744067287474;53264.0;1691.0;22.06.2021, 00:00 Uhr;07316
Pirmasens;Kreisfreie Stadt;3474.93226616291;7.45693619348264;40231.0;1398.0;22.06.2021, 00:00 Uhr;07317
Speyer;Kreisfreie Stadt;5636.75560214395;15.8224718656672;50561.0;2850.0;22.06.2021, 00:00 Uhr;07318
Worms;Kreisfreie Stadt;5050.15441334897;7.18201623135668;83542.0;4219.0;22.06.2021, 00:00 Uhr;07319
Zweibrücken;Kreisfreie Stadt;2494.66265025005;43.8686280817711;34193.0;853.0;22.06.2021, 00:00 Uhr;07320
Alzey-Worms;Landkreis;3883.96678155868;12.3373969634582;129687.0;5037.0;22.06.2021, 00:00 Uhr;07331
Bad Dürkheim;Landkreis;3333.05696045104;5.27620957104416;132671.0;4422.0;22.06.2021, 00:00 Uhr;07332
Donnersbergkreis;Landkreis;3409.22668436774;15.9309658148025;75325.0;2568.0;22.06.2021, 00:00 Uhr;07333
Germersheim;Landkreis;4298.01647895948;9.30138823219366;129013.0;5545.0;22.06.2021, 00:00 Uhr;07334
Kaiserslautern;Landkreis;3679.03075137527;5.66149897621227;105979.0;3899.0;22.06.2021, 00:00 Uhr;07335
Kusel;Landkreis;3168.65805551204;2.84823196001082;70219.0;2225.0;22.06.2021, 00:00 Uhr;07336
Südliche Weinstraße;Landkreis;3336.92239483899;4.52402710797043;110521.0;3688.0;22.06.2021, 00:00 Uhr;07337
Rhein-Pfalz-Kreis;Landkreis;4328.33793634264;12.2890646728198;154609.0;6692.0;22.06.2021, 00:00 Uhr;07338
Mainz-Bingen;Landkreis;3528.57149614269;9.45997720145494;211417.0;7460.0;22.06.2021, 00:00 Uhr;07339
Südwestpfalz;Landkreis;2791.28133205386;0.0;94831.0;2647.0;22.06.2021, 00:00 Uhr;07340
Stuttgart;Stadtkreis;4664.64646782333;12.8948862340799;635911.0;29663.0;22.06.2021, 00:00 Uhr;08111
Böblingen;Landkreis;4301.60358649413;6.36444869872482;392807.0;16897.0;22.06.2021, 00:00 Uhr;08115
Esslingen;Landkreis;4905.76123687909;11.0275426896737;535024.0;26247.0;22.06.2021, 00:00 Uhr;08116
Göppingen;Landkreis;4921.26518042186;23.6301303530961;258145.0;12704.0;22.06.2021, 00:00 Uhr;08117
Ludwigsburg;Landkreis;4921.50129349147;13.5674513176012;545423.0;26843.0;22.06.2021, 00:00 Uhr;08118
Rems-Murr-Kreis;Landkreis;4730.74186421001;13.5752537168108;427248.0;20212.0;22.06.2021, 00:00 Uhr;08119
Heilbronn;Stadtkreis;6914.33897876643;28.4378159757331;126592.0;8753.0;22.06.2021, 00:00 Uhr;08121
Heilbronn;Landkreis;4624.9738718443;17.1284576259377;344456.0;15931.0;22.06.2021, 00:00 Uhr;08125
Hohenlohekreis;Landkreis;5039.27921530336;2.66299764768541;112655.0;5677.0;22.06.2021, 00:00 Uhr;08126
Schwäbisch Hall;Landkreis;5833.47309680272;11.6893083487073;196761.0;11478.0;22.06.2021, 00:00 Uhr;08127
Main-Tauber-Kreis;Landkreis;3868.60927952628;14.3505615601326;132399.0;5122.0;22.06.2021, 00:00 Uhr;08128
Heidenheim;Landkreis;4611.49144806706;18.828562175678;132777.0;6123.0;22.06.2021, 00:00 Uhr;08135
Ostalbkreis;Landkreis;4954.3826128493;15.9222991800016;314025.0;15558.0;22.06.2021, 00:00 Uhr;08136
Baden-Baden;Stadtkreis;3763.70390504666;21.7450394128839;55185.0;2077.0;22.06.2021, 00:00 Uhr;08211
Karlsruhe;Stadtkreis;3440.04358136256;3.52496314811254;312060.0;10735.0;22.06.2021, 00:00 Uhr;08212
Karlsruhe;Landkreis;4156.80935338272;8.08805192529336;445101.0;18502.0;22.06.2021, 00:00 Uhr;08215
Rastatt;Landkreis;4303.43099127128;22.469968023507;231420.0;9959.0;22.06.2021, 00:00 Uhr;08216
Heidelberg;Stadtkreis;3167.47685543549;9.28878843236214;161485.0;5115.0;22.06.2021, 00:00 Uhr;08221
Mannheim;Stadtkreis;5246.60559200149;17.7043565593032;310658.0;16299.0;22.06.2021, 00:00 Uhr;08222
Neckar-Odenwald-Kreis;Landkreis;4416.11607360426;4.17731301302625;143633.0;6343.0;22.06.2021, 00:00 Uhr;08225
Rhein-Neckar-Kreis;Landkreis;4112.48187761578;11.6712713479407;548355.0;22551.0;22.06.2021, 00:00 Uhr;08226
Pforzheim;Stadtkreis;6117.96089141532;15.8784347039069;125957.0;7706.0;22.06.2021, 00:00 Uhr;08231
Calw;Landkreis;5187.15334702672;11.3064616428289;159201.0;8258.0;22.06.2021, 00:00 Uhr;08235
Enzkreis;Landkreis;4849.76648158913;13.5300366814328;199556.0;9678.0;22.06.2021, 00:00 Uhr;08236
Freudenstadt;Landkreis;4527.96360038226;9.30287628020263;118243.0;5354.0;22.06.2021, 00:00 Uhr;08237
Freiburg im Breisgau;Stadtkreis;3237.09422781635;5.62295897402625;231195.0;7484.0;22.06.2021, 00:00 Uhr;08311
Breisgau-Hochschwarzwald;Landkreis;3239.7449175079;7.96658586272434;263601.0;8540.0;22.06.2021, 00:00 Uhr;08315
Emmendingen;Landkreis;3707.15350223547;4.2065285322821;166408.0;6169.0;22.06.2021, 00:00 Uhr;08316
Ortenaukreis;Landkreis;4434.82235881871;8.81766689174922;430953.0;19112.0;22.06.2021, 00:00 Uhr;08317
Rottweil;Landkreis;5531.96356825233;15.0130828293227;139878.0;7738.0;22.06.2021, 00:00 Uhr;08325
Schwarzwald-Baar-Kreis;Landkreis;4691.1616613178;13.6466735056893;212506.0;9969.0;22.06.2021, 00:00 Uhr;08326
Tuttlingen;Landkreis;5455.1525226262;18.4703692653055;140766.0;7679.0;22.06.2021, 00:00 Uhr;08327
Konstanz;Landkreis;4018.09259356281;11.5261696442605;286305.0;11504.0;22.06.2021, 00:00 Uhr;08335
Lörrach;Landkreis;4331.63122551763;10.9296306659205;228736.0;9908.0;22.06.2021, 00:00 Uhr;08336
Waldshut;Landkreis;4363.08134945001;4.67828049800296;171003.0;7461.0;22.06.2021, 00:00 Uhr;08337
Reutlingen;Landkreis;4768.42464655755;13.2388497529909;287034.0;13687.0;22.06.2021, 00:00 Uhr;08415
Tübingen;Landkreis;4097.02726103954;6.99673777101426;228678.0;9369.0;22.06.2021, 00:00 Uhr;08416
Zollernalbkreis;Landkreis;4890.60692954801;11.6178978998009;189363.0;9261.0;22.06.2021, 00:00 Uhr;08417
Ulm;Stadtkreis;4640.74453821279;18.9289376133764;126790.0;5884.0;22.06.2021, 00:00 Uhr;08421
Alb-Donau-Kreis;Landkreis;4476.44563518643;5.58160303639205;197076.0;8822.0;22.06.2021, 00:00 Uhr;08425
Biberach;Landkreis;4371.97563617214;13.9108315696386;201282.0;8800.0;22.06.2021, 00:00 Uhr;08426
Bodenseekreis;Landkreis;3564.16977054306;11.4958385064607;217470.0;7751.0;22.06.2021, 00:00 Uhr;08435
Ravensburg;Landkreis;3865.1269690005;8.40854307976904;285424.0;11032.0;22.06.2021, 00:00 Uhr;08436
Sigmaringen;Landkreis;4249.17271052893;5.34967787296808;130849.0;5560.0;22.06.2021, 00:00 Uhr;08437
Ingolstadt;Kreisfreie Stadt;4492.255735414;13.1011994875975;137392.0;6172.0;22.06.2021, 00:00 Uhr;09161
München;Kreisfreie Stadt;4941.43075245953;9.76940169489013;1484226.0;73342.0;22.06.2021, 00:00 Uhr;09162
Rosenheim;Kreisfreie Stadt;6188.73031108873;4.72061808626143;63551.0;3933.0;22.06.2021, 00:00 Uhr;09163
Altötting;Landkreis;5433.30105097026;1.79346461494315;111516.0;6059.0;22.06.2021, 00:00 Uhr;09171
Berchtesgadener Land;Landkreis;5663.22725599222;13.2163996639258;105929.0;5999.0;22.06.2021, 00:00 Uhr;09172
Bad Tölz-Wolfratshausen;Landkreis;3953.34474698437;4.69054152301883;127917.0;5057.0;22.06.2021, 00:00 Uhr;09173
Dachau;Landkreis;5305.39254611069;1.93674587957314;154899.0;8218.0;22.06.2021, 00:00 Uhr;09174
Ebersberg;Landkreis;4425.37017313034;7.6575541771958;143649.0;6357.0;22.06.2021, 00:00 Uhr;09175
Eichstätt;Landkreis;3806.41325697429;10.5357425064531;132881.0;5058.0;22.06.2021, 00:00 Uhr;09176
Erding;Landkreis;5041.17757739792;5.06578280818052;138182.0;6966.0;22.06.2021, 00:00 Uhr;09177
Freising;Landkreis;4525.93510252379;6.11087346603188;180007.0;8147.0;22.06.2021, 00:00 Uhr;09178
Fürstenfeldbruck;Landkreis;4428.87041689655;4.10376132524132;219311.0;9713.0;22.06.2021, 00:00 Uhr;09179
Garmisch-Partenkirchen;Landkreis;4117.66036370216;14.7018908893513;88424.0;3641.0;22.06.2021, 00:00 Uhr;09180
Landsberg am Lech;Landkreis;3401.43971006301;5.81868963109508;120302.0;4092.0;22.06.2021, 00:00 Uhr;09181
Miesbach;Landkreis;4570.54294570543;25.997400259974;100010.0;4571.0;22.06.2021, 00:00 Uhr;09182
Mühldorf a. Inn;Landkreis;6007.49102457885;5.17812758906379;115872.0;6961.0;22.06.2021, 00:00 Uhr;09183
München;Landkreis;4377.22734704243;20.8289939595918;350473.0;15341.0;22.06.2021, 00:00 Uhr;09184
Neuburg-Schrobenhausen;Landkreis;4281.47128043329;4.11087016844291;97303.0;4166.0;22.06.2021, 00:00 Uhr;09185
Pfaffenhofen a.d. Ilm;Landkreis;4400.00935840346;1.55973390939506;128227.0;5642.0;22.06.2021, 00:00 Uhr;09186
Rosenheim;Landkreis;5322.38931619026;16.0716335667547;261330.0;13909.0;22.06.2021, 00:00 Uhr;09187
Starnberg;Landkreis;3725.11286557838;6.58534979182978;136667.0;5091.0;22.06.2021, 00:00 Uhr;09188
Traunstein;Landkreis;6228.32296595401;12.4070178604662;177319.0;11044.0;22.06.2021, 00:00 Uhr;09189
Weilheim-Schongau;Landkreis;3803.56958325337;8.85752668329913;135478.0;5153.0;22.06.2021, 00:00 Uhr;09190
Landshut;Kreisfreie Stadt;5567.28555666045;17.7085177970604;73411.0;4087.0;22.06.2021, 00:00 Uhr;09261
Passau;Kreisfreie Stadt;6435.24042194572;11.3629907391625;52803.0;3398.0;22.06.2021, 00:00 Uhr;09262
Straubing;Kreisfreie Stadt;4977.92471385826;0.0;47791.0;2379.0;22.06.2021, 00:00 Uhr;09263
Deggendorf;Landkreis;5844.59063593297;9.20671588074792;119478.0;6983.0;22.06.2021, 00:00 Uhr;09271
Freyung-Grafenau;Landkreis;6269.62047931395;2.55225747173375;78362.0;4913.0;22.06.2021, 00:00 Uhr;09272
Kelheim;Landkreis;4820.49115051439;4.87574964650815;123058.0;5932.0;22.06.2021, 00:00 Uhr;09273
Landshut;Landkreis;5032.67769473717;5.00328340473436;159895.0;8047.0;22.06.2021, 00:00 Uhr;09274
Passau;Landkreis;6725.45884893281;7.26683830246657;192656.0;12957.0;22.06.2021, 00:00 Uhr;09275
Regen;Landkreis;7145.07169616329;0.0;77410.0;5531.0;22.06.2021, 00:00 Uhr;09276
Rottal-Inn;Landkreis;6210.59735642212;6.5842537571398;121502.0;7546.0;22.06.2021, 00:00 Uhr;09277
Straubing-Bogen;Landkreis;5307.55537974684;1.97784810126582;101120.0;5367.0;22.06.2021, 00:00 Uhr;09278
Dingolfing-Landau;Landkreis;6006.22653413734;16.5489279397619;96683.0;5807.0;22.06.2021, 00:00 Uhr;09279
Amberg;Kreisfreie Stadt;4139.12384201673;14.2156514322269;42207.0;1747.0;22.06.2021, 00:00 Uhr;09361
Regensburg;Kreisfreie Stadt;4563.20953139901;6.53193462839824;153094.0;6986.0;22.06.2021, 00:00 Uhr;09362
Weiden i.d. OPf.;Kreisfreie Stadt;6302.78642116838;2.33956437311373;42743.0;2694.0;22.06.2021, 00:00 Uhr;09363
Amberg-Sulzbach;Landkreis;4689.03143164902;0.970412134033324;103049.0;4832.0;22.06.2021, 00:00 Uhr;09371
Cham;Landkreis;5564.149439835;5.46883545055391;127998.0;7122.0;22.06.2021, 00:00 Uhr;09372
Neumarkt i.d. OPf.;Landkreis;4873.93459312046;3.71545555200523;134573.0;6559.0;22.06.2021, 00:00 Uhr;09373
Neustadt a.d. Waldnaab;Landkreis;5559.55532027528;20.1164637374272;94450.0;5251.0;22.06.2021, 00:00 Uhr;09374
Regensburg;Landkreis;4270.10872365641;9.27500386458494;194070.0;8287.0;22.06.2021, 00:00 Uhr;09375
Schwandorf;Landkreis;5661.65332179182;4.05756329798745;147872.0;8372.0;22.06.2021, 00:00 Uhr;09376
Tirschenreuth;Landkreis;7385.55922605002;2.77600421952641;72046.0;5321.0;22.06.2021, 00:00 Uhr;09377
Bamberg;Kreisfreie Stadt;3989.76387111783;23.263929277655;77373.0;3087.0;22.06.2021, 00:00 Uhr;09461
Bayreuth;Kreisfreie Stadt;4636.0803926026;1.33720230533677;74783.0;3467.0;22.06.2021, 00:00 Uhr;09462
Coburg;Kreisfreie Stadt;5840.96221269965;7.30424620179198;41072.0;2399.0;22.06.2021, 00:00 Uhr;09463
Hof;Kreisfreie Stadt;8639.38897981451;4.36442989634479;45825.0;3959.0;22.06.2021, 00:00 Uhr;09464
Bamberg;Landkreis;3801.22721064398;13.5903725800643;147163.0;5594.0;22.06.2021, 00:00 Uhr;09471
Bayreuth;Landkreis;4753.82003395586;1.92931007871585;103664.0;4928.0;22.06.2021, 00:00 Uhr;09472
Coburg;Landkreis;5632.47143993452;6.91666570601865;86747.0;4886.0;22.06.2021, 00:00 Uhr;09473
Forchheim;Landkreis;4115.21217180279;9.46619278331885;116203.0;4782.0;22.06.2021, 00:00 Uhr;09474
Hof;Landkreis;6745.70943344479;6.32904716194977;94801.0;6395.0;22.06.2021, 00:00 Uhr;09475
Kronach;Landkreis;6322.76043929701;10.4879912500187;66743.0;4220.0;22.06.2021, 00:00 Uhr;09476
Kulmbach;Landkreis;5698.23659279546;4.19193471760333;71566.0;4078.0;22.06.2021, 00:00 Uhr;09477
Lichtenfels;Landkreis;5319.27638672577;20.9656163891218;66776.0;3552.0;22.06.2021, 00:00 Uhr;09478
Wunsiedel i. Fichtelgebirge;Landkreis;6914.87165370587;2.75273553093387;72655.0;5024.0;22.06.2021, 00:00 Uhr;09479
Ansbach;Kreisfreie Stadt;4454.75860088999;9.5698358773147;41798.0;1862.0;22.06.2021, 00:00 Uhr;09561
Erlangen;Kreisfreie Stadt;3546.67282809612;7.1093416749609;112528.0;3991.0;22.06.2021, 00:00 Uhr;09562
Fürth;Kreisfreie Stadt;5995.47071137848;17.1210222806758;128497.0;7704.0;22.06.2021, 00:00 Uhr;09563
Nürnberg;Kreisfreie Stadt;6669.75326504234;21.7991010282231;518370.0;34574.0;22.06.2021, 00:00 Uhr;09564
Schwabach;Kreisfreie Stadt;5236.57304604573;2.44015519387033;40981.0;2146.0;22.06.2021, 00:00 Uhr;09565
Ansbach;Landkreis;4557.10191721156;10.2930262038778;184591.0;8412.0;22.06.2021, 00:00 Uhr;09571
Erlangen-Höchstadt;Landkreis;3934.81079978435;5.09973627078142;137262.0;5401.0;22.06.2021, 00:00 Uhr;09572
Fürth;Landkreis;4536.15945287774;5.93960272542914;117853.0;5346.0;22.06.2021, 00:00 Uhr;09573
Nürnberger Land;Landkreis;4350.90636563773;9.95362780458101;170792.0;7431.0;22.06.2021, 00:00 Uhr;09574
Neustadt a.d. Aisch-Bad Windsheim;Landkreis;4339.00251450294;5.93977072485002;101014.0;4383.0;22.06.2021, 00:00 Uhr;09575
Roth;Landkreis;4480.5087219623;0.788960859651753;126749.0;5679.0;22.06.2021, 00:00 Uhr;09576
Weißenburg-Gunzenhausen;Landkreis;4137.90191483522;5.27793611586125;94734.0;3920.0;22.06.2021, 00:00 Uhr;09577
Aschaffenburg;Kreisfreie Stadt;4894.22833159629;9.85887721472635;71002.0;3475.0;22.06.2021, 00:00 Uhr;09661
Schweinfurt;Kreisfreie Stadt;5896.00569011343;43.0502002770187;53426.0;3150.0;22.06.2021, 00:00 Uhr;09662
Würzburg;Kreisfreie Stadt;3533.071740116;14.8514077571248;127934.0;4520.0;22.06.2021, 00:00 Uhr;09663
Aschaffenburg;Landkreis;4589.55223880597;8.03673938002296;174200.0;7995.0;22.06.2021, 00:00 Uhr;09671
Bad Kissingen;Landkreis;3524.96730759917;4.84331864193345;103235.0;3639.0;22.06.2021, 00:00 Uhr;09672
Rhön-Grabfeld;Landkreis;4447.79305581717;11.3015633829346;79635.0;3542.0;22.06.2021, 00:00 Uhr;09673
Haßberge;Landkreis;4822.0041714069;4.74023511566174;84384.0;4069.0;22.06.2021, 00:00 Uhr;09674
Kitzingen;Landkreis;3599.36372113433;6.58219516208656;91155.0;3281.0;22.06.2021, 00:00 Uhr;09675
Miltenberg;Landkreis;4647.24295689863;17.8650489735364;128743.0;5983.0;22.06.2021, 00:00 Uhr;09676
Main-Spessart;Landkreis;3754.0227333978;7.92656827153252;126158.0;4736.0;22.06.2021, 00:00 Uhr;09677
Schweinfurt;Landkreis;4439.34341028195;11.2607735285201;115445.0;5125.0;22.06.2021, 00:00 Uhr;09678
Würzburg;Landkreis;2726.39893531811;12.3227070522852;162302.0;4425.0;22.06.2021, 00:00 Uhr;09679
Augsburg;Kreisfreie Stadt;6040.15078460594;14.4985198022807;296582.0;17914.0;22.06.2021, 00:00 Uhr;09761
Kaufbeuren;Kreisfreie Stadt;5376.3683048786;11.2617685481328;44398.0;2387.0;22.06.2021, 00:00 Uhr;09762
Kempten (Allgäu);Kreisfreie Stadt;4757.704154676;11.5688854824948;69151.0;3290.0;22.06.2021, 00:00 Uhr;09763
Memmingen;Kreisfreie Stadt;5117.91383219955;9.0702947845805;44100.0;2257.0;22.06.2021, 00:00 Uhr;09764
Aichach-Friedberg;Landkreis;3849.8384761056;8.16902454420556;134655.0;5184.0;22.06.2021, 00:00 Uhr;09771
Augsburg;Landkreis;4502.73801821137;7.49601527609008;253468.0;11413.0;22.06.2021, 00:00 Uhr;09772
Dillingen a.d. Donau;Landkreis;3900.08491953356;2.07120813570556;96562.0;3766.0;22.06.2021, 00:00 Uhr;09773
Günzburg;Landkreis;5465.76712037598;14.9574499909468;127027.0;6943.0;22.06.2021, 00:00 Uhr;09774
Neu-Ulm;Landkreis;4408.57514668615;15.9813702883496;175204.0;7724.0;22.06.2021, 00:00 Uhr;09775
Lindau (Bodensee);Landkreis;4194.8744221222;28.0552811017187;81981.0;3439.0;22.06.2021, 00:00 Uhr;09776
Ostallgäu;Landkreis;5064.38497825502;9.91627827910074;141182.0;7150.0;22.06.2021, 00:00 Uhr;09777
Unterallgäu;Landkreis;4986.20485616584;10.3205564844056;145341.0;7247.0;22.06.2021, 00:00 Uhr;09778
Donau-Ries;Landkreis;4466.1877817062;5.97983301316311;133783.0;5975.0;22.06.2021, 00:00 Uhr;09779
Oberallgäu;Landkreis;3834.41874775653;8.97389877442182;156008.0;5982.0;22.06.2021, 00:00 Uhr;09780
Regionalverband Saarbrücken;Landkreis;4798.09195835894;15.8192227894157;328714.0;15772.0;22.06.2021, 00:00 Uhr;10041
Merzig-Wadern;Landkreis;3354.22256230447;4.84294334724872;103243.0;3463.0;22.06.2021, 00:00 Uhr;10042
Neunkirchen;Landkreis;4148.91026421527;12.1758188238159;131408.0;5452.0;22.06.2021, 00:00 Uhr;10043
Saarlouis;Landkreis;4401.5253269109;10.8069720408195;194319.0;8553.0;22.06.2021, 00:00 Uhr;10044
Saarpfalz-Kreis;Landkreis;3428.36648006976;12.6585839264114;142196.0;4875.0;22.06.2021, 00:00 Uhr;10045
St. Wendel;Landkreis;3762.91562747825;5.74666406151229;87007.0;3274.0;22.06.2021, 00:00 Uhr;10046
Brandenburg an der Havel;Kreisfreie Stadt;3227.86213011194;0.0;72184.0;2330.0;22.06.2021, 00:00 Uhr;12051
Cottbus;Kreisfreie Stadt;5954.17243524148;7.02261281325869;99678.0;5935.0;22.06.2021, 00:00 Uhr;12052
Frankfurt (Oder);Kreisfreie Stadt;3899.49957576492;1.73157174767536;57751.0;2252.0;22.06.2021, 00:00 Uhr;12053
Potsdam;Kreisfreie Stadt;3939.91149755454;1.10905320128207;180334.0;7105.0;22.06.2021, 00:00 Uhr;12054
Barnim;Landkreis;3289.71518645678;2.15931420180951;185244.0;6094.0;22.06.2021, 00:00 Uhr;12060
Dahme-Spreewald;Landkreis;4143.66096574175;2.34204378450855;170791.0;7077.0;22.06.2021, 00:00 Uhr;12061
Elbe-Elster;Landkreis;6996.17979514274;1.96411560784468;101827.0;7124.0;22.06.2021, 00:00 Uhr;12062
Havelland;Landkreis;3846.106652924;3.06755994012123;162996.0;6269.0;22.06.2021, 00:00 Uhr;12063
Märkisch-Oderland;Landkreis;3549.40715500815;2.04341229419007;195751.0;6948.0;22.06.2021, 00:00 Uhr;12064
Oberhavel;Landkreis;3939.61881322975;4.22705881247828;212914.0;8388.0;22.06.2021, 00:00 Uhr;12065
Oberspreewald-Lausitz;Landkreis;6598.64132173977;4.57159576121641;109371.0;7217.0;22.06.2021, 00:00 Uhr;12066
Oder-Spree;Landkreis;4592.20482877804;6.15202205779545;178803.0;8211.0;22.06.2021, 00:00 Uhr;12067
Ostprignitz-Ruppin;Landkreis;4187.69787883999;3.03456368031883;98861.0;4140.0;22.06.2021, 00:00 Uhr;12068
Potsdam-Mittelmark;Landkreis;3642.30765678823;2.30876499542865;216566.0;7888.0;22.06.2021, 00:00 Uhr;12069
Prignitz;Landkreis;4245.12198324536;1.31305969169358;76158.0;3233.0;22.06.2021, 00:00 Uhr;12070
Spree-Neiße;Landkreis;6707.70313049595;6.15546957439325;113720.0;7628.0;22.06.2021, 00:00 Uhr;12071
Teltow-Fläming;Landkreis;4047.71848914981;2.3529826996947;169997.0;6881.0;22.06.2021, 00:00 Uhr;12072
Uckermark;Landkreis;3297.26684994157;6.72568454858046;118947.0;3922.0;22.06.2021, 00:00 Uhr;12073
Rostock;Kreisfreie Stadt;1498.63043821197;1.91212815082867;209191.0;3135.0;22.06.2021, 00:00 Uhr;13003
Schwerin;Kreisfreie Stadt;2812.24843967257;2.0908910332138;95653.0;2690.0;22.06.2021, 00:00 Uhr;13004
Mecklenburgische Seenplatte;Landkreis;3387.78799879104;1.54994303959329;258074.0;8743.0;22.06.2021, 00:00 Uhr;13071
Rostock;Landkreis;2088.5659471533;1.39021474183712;215794.0;4507.0;22.06.2021, 00:00 Uhr;13072
Vorpommern-Rügen;Landkreis;1725.39630265863;0.445033867077285;224702.0;3877.0;22.06.2021, 00:00 Uhr;13073
Nordwestmecklenburg;Landkreis;2452.9309314654;1.90691702368391;157322.0;3859.0;22.06.2021, 00:00 Uhr;13074
Vorpommern-Greifswald;Landkreis;4250.8583627235;2.12203392707843;235623.0;10016.0;22.06.2021, 00:00 Uhr;13075
Ludwigslust-Parchim;Landkreis;3435.6569820426;5.66628419248367;211779.0;7276.0;22.06.2021, 00:00 Uhr;13076
Chemnitz;Kreisfreie Stadt;6911.34800717725;2.02976446613135;246334.0;17025.0;22.06.2021, 00:00 Uhr;14511
Erzgebirgskreis;Landkreis;9538.495527664;9.5537217717377;334948.0;31949.0;22.06.2021, 00:00 Uhr;14521
Mittelsachsen;Landkreis;7989.5034182947;4.27492362684521;304099.0;24296.0;22.06.2021, 00:00 Uhr;14522
Vogtlandkreis;Landkreis;8327.98665469011;3.9823537480586;225997.0;18821.0;22.06.2021, 00:00 Uhr;14523
Zwickau;Landkreis;8496.77144907016;3.49204132037257;315002.0;26765.0;22.06.2021, 00:00 Uhr;14524
Dresden;Kreisfreie Stadt;5492.29498185998;6.10654118323216;556780.0;30580.0;22.06.2021, 00:00 Uhr;14612
Bautzen;Landkreis;9146.04447587721;4.00322927161243;299758.0;27416.0;22.06.2021, 00:00 Uhr;14625
Görlitz;Landkreis;8081.90721139579;4.3525571273123;252725.0;20425.0;22.06.2021, 00:00 Uhr;14626
Meißen;Landkreis;7143.47770326456;3.30965550623249;241717.0;17267.0;22.06.2021, 00:00 Uhr;14627
Sächsische Schweiz-Osterzgebirge;Landkreis;8362.44737077846;3.66470401407246;245586.0;20537.0;22.06.2021, 00:00 Uhr;14628
Leipzig;Kreisfreie Stadt;3770.91604919539;4.88919235600064;593145.0;22367.0;22.06.2021, 00:00 Uhr;14713
Leipzig;Landkreis;5700.02982889064;4.26127009092001;258139.0;14714.0;22.06.2021, 00:00 Uhr;14729
Nordsachsen;Landkreis;6830.14650477139;3.53998412064266;197741.0;13506.0;22.06.2021, 00:00 Uhr;14730
Dessau-Roßlau;Kreisfreie Stadt;4108.46035728999;0.0;80103.0;3291.0;22.06.2021, 00:00 Uhr;15001
Halle (Saale);Kreisfreie Stadt;4898.60195508498;3.35061693234267;238762.0;11696.0;22.06.2021, 00:00 Uhr;15002
Magdeburg;Kreisfreie Stadt;2823.64826468545;1.68374971060552;237565.0;6708.0;22.06.2021, 00:00 Uhr;15003
Altmarkkreis Salzwedel;Landkreis;2963.70216296154;13.2254457576377;83173.0;2465.0;22.06.2021, 00:00 Uhr;15081
Anhalt-Bitterfeld;Landkreis;4263.46806658001;0.630970558913721;158486.0;6757.0;22.06.2021, 00:00 Uhr;15082
Börde;Landkreis;3563.59296291312;3.51035261492017;170923.0;6091.0;22.06.2021, 00:00 Uhr;15083
Burgenlandkreis;Landkreis;7356.04933853707;6.15054292519822;178846.0;13156.0;22.06.2021, 00:00 Uhr;15084
Harz;Landkreis;4121.23200975107;2.81280765083681;213310.0;8791.0;22.06.2021, 00:00 Uhr;15085
Jerichower Land;Landkreis;3771.66839678978;1.11620846309257;89589.0;3379.0;22.06.2021, 00:00 Uhr;15086
Mansfeld-Südharz;Landkreis;4742.03731973737;0.741059121696729;134942.0;6399.0;22.06.2021, 00:00 Uhr;15087
Saalekreis;Landkreis;5496.28702771809;3.80817669939885;183815.0;10103.0;22.06.2021, 00:00 Uhr;15088
Salzlandkreis;Landkreis;4701.65234633179;3.70125578321216;189125.0;8892.0;22.06.2021, 00:00 Uhr;15089
Stendal;Landkreis;4281.85987948557;3.59744581347243;111190.0;4761.0;22.06.2021, 00:00 Uhr;15090
Wittenberg;Landkreis;5351.61220618953;1.60060182628668;124953.0;6687.0;22.06.2021, 00:00 Uhr;15091
Erfurt;Kreisfreie Stadt;4027.46038199653;2.33665605824816;213981.0;8618.0;22.06.2021, 00:00 Uhr;16051
Gera;Kreisfreie Stadt;6117.58389261745;6.44295302013423;93125.0;5697.0;22.06.2021, 00:00 Uhr;16052
Jena;Kreisfreie Stadt;3891.5782761377;1.79625122369615;111343.0;4333.0;22.06.2021, 00:00 Uhr;16053
Suhl;Kreisfreie Stadt;5914.81149256571;2.71820381092174;36789.0;2176.0;22.06.2021, 00:00 Uhr;16054
Weimar;Kreisfreie Stadt;4005.94836573251;1.53308395167719;65228.0;2613.0;22.06.2021, 00:00 Uhr;16055
Eisenach;Kreisfreie Stadt;4620.11834319527;4.73372781065089;42250.0;1952.0;22.06.2021, 00:00 Uhr;16056
Eichsfeld;Landkreis;6215.62706237626;0.999940003599784;100006.0;6216.0;22.06.2021, 00:00 Uhr;16061
Nordhausen;Landkreis;3518.50963843867;1.19881077970653;83416.0;2935.0;22.06.2021, 00:00 Uhr;16062
Wartburgkreis;Landkreis;6967.06843512028;13.4483164388858;118974.0;8289.0;22.06.2021, 00:00 Uhr;16063
Unstrut-Hainich-Kreis;Landkreis;6278.85593551921;34.2358557007591;102232.0;6419.0;22.06.2021, 00:00 Uhr;16064
Kyffhäuserkreis;Landkreis;4960.11426723441;16.1698916617259;74212.0;3681.0;22.06.2021, 00:00 Uhr;16065
Schmalkalden-Meiningen;Landkreis;8005.37961510135;1.60107592302027;124916.0;10000.0;22.06.2021, 00:00 Uhr;16066
Gotha;Landkreis;6414.00065229638;10.3774424051947;134908.0;8653.0;22.06.2021, 00:00 Uhr;16067
Sömmerda;Landkreis;5996.22625203451;2.88072363777781;69427.0;4163.0;22.06.2021, 00:00 Uhr;16068
Hildburghausen;Landkreis;8497.23879298068;22.1529502982737;63197.0;5370.0;22.06.2021, 00:00 Uhr;16069
Ilm-Kreis;Landkreis;6125.23411985054;3.76474131521238;106249.0;6508.0;22.06.2021, 00:00 Uhr;16070
Weimarer Land;Landkreis;5023.37017381567;1.21719655289936;82156.0;4127.0;22.06.2021, 00:00 Uhr;16071
Sonneberg;Landkreis;7363.51508221148;13.8607342723981;57717.0;4250.0;22.06.2021, 00:00 Uhr;16072
Saalfeld-Rudolstadt;Landkreis;6570.80010465218;7.75201310090214;103199.0;6781.0;22.06.2021, 00:00 Uhr;16073
Saale-Holzland-Kreis;Landkreis;5698.61362266426;1.20554550934298;82950.0;4727.0;22.06.2021, 00:00 Uhr;16074
Saale-Orla-Kreis;Landkreis;8018.72696483713;7.47086363183584;80312.0;6440.0;22.06.2021, 00:00 Uhr;16075
Greiz;Landkreis;8053.5534610567;3.08014538286207;97398.0;7844.0;22.06.2021, 00:00 Uhr;16076
Altenburger Land;Landkreis;7692.99609589118;10.067902408466;89393.0;6877.0;22.06.2021, 00:00 Uhr;16077
Berlin Reinickendorf;Bezirk;5351.40109900689;9.62689986868909;259689.0;13897.0;22.06.2021, 00:00 Uhr;
Berlin Charlottenburg-Wilmersdorf;Bezirk;4570.26145256743;5.68180119078591;334401.0;15283.0;22.06.2021, 00:00 Uhr;
Berlin Treptow-Köpenick;Bezirk;3708.98501996338;6.00402269520579;266488.0;9884.0;22.06.2021, 00:00 Uhr;
Berlin Pankow;Bezirk;3807.94701986755;2.76356912440081;398036.0;15157.0;22.06.2021, 00:00 Uhr;
Berlin Neukölln;Bezirk;6514.01487903389;4.98251448821791;321123.0;20918.0;22.06.2021, 00:00 Uhr;
Berlin Lichtenberg;Bezirk;4230.04167219271;8.72533348224569;286522.0;12120.0;22.06.2021, 00:00 Uhr;
Berlin Marzahn-Hellersdorf;Bezirk;4202.80871744363;10.2674480067841;262967.0;11052.0;22.06.2021, 00:00 Uhr;
Berlin Spandau;Bezirk;5800.37570235002;9.62266598052874;239019.0;13864.0;22.06.2021, 00:00 Uhr;
Berlin Steglitz-Zehlendorf;Bezirk;4209.12246795752;4.96397806583559;302177.0;12719.0;22.06.2021, 00:00 Uhr;
Berlin Mitte;Bezirk;6066.01676802456;8.79441847574073;375238.0;22762.0;22.06.2021, 00:00 Uhr;
Berlin Friedrichshain-Kreuzberg;Bezirk;5181.54003240457;12.763287113689;282059.0;14615.0;22.06.2021, 00:00 Uhr;
Berlin Tempelhof-Schöneberg;Bezirk;5161.62821998291;4.68148356214084;341772.0;17641.0;22.06.2021, 00:00 Uhr;
